Day,Department,Batch/Section,Time,Course,Room,Faculty
Sunday,,"Contest/Workshop/ACM
",03:00 PM - 04:30 PM,BBA AI,307_,NIR_
Sunday,,"Contest/Workshop/ACM
",04:30 PM - 06:00 PM,ENG CA,307_,ATB_
Sunday,,CSE-58A(47),12:00 PM - 1:30 PM,BIC Lab,311.0,MDP
Sunday,,CSE-58A(47),03:00 PM - 04:30 PM,CN Lab,310.0,UNA
Sunday,,CSE-58A(47),04:30 PM - 06:00 PM,CN Lab,310.0,UNA
Sunday,,CSE-58B+I(45),09:00 AM - 10:30 AM,BIC,205.0,MDP
Sunday,,CSE-58B+I(45),12:00 PM - 1:30 PM,CN,205.0,RFZ
Sunday,,CSE-58C+G(47),09:00 AM - 10:30 AM,BIC,GL-1,MBL
Sunday,,CSE-58C+G(47),12:00 PM - 1:30 PM,CC Lab,309.0,KBS
Sunday,,CSE-58C+G(47),01:30 PM - 03:00 PM,CC Lab,309.0,KBS
Sunday,,CSE-58E+F(51),12:00 PM - 1:30 PM,BIC,502.0,AIA
Sunday,,CSE-58E+F(51),01:30 PM - 03:00 PM,CC,502.0,MBL
Sunday,,CSE-58E+F(51),03:00 PM - 04:30 PM,CN Lab,309.0,RFZ
Sunday,,CSE-58E+F(51),04:30 PM - 06:00 PM,CN Lab,309.0,RFZ
Sunday,,CSE-59A+F(55),12:00 PM - 1:30 PM,WP Lab,310.0,NIR
Sunday,,CSE-59A+F(55),01:30 PM - 03:00 PM,WP Lab,310.0,NIR
Sunday,,CSE-59B+E(65),09:00 AM - 10:30 AM,ML Lab,307.0,AHC
Sunday,,CSE-59B+E(65),10:30 AM - 12:00 PM,ML Lab,307.0,AHC
Sunday,,CSE-59B+E(65),01:30 PM - 03:00 PM,TOC,GL-2,BSS
Sunday,,CSE-59C+H(60),09:00 AM - 10:30 AM,SE&DP Lab,309.0,BSS
Sunday,,CSE-59C+H(60),10:30 AM - 12:00 PM,SE&DP Lab,309.0,BSS
Sunday,,CSE-59C+H(60),01:30 PM - 03:00 PM,TOC,505.0,NMA
Sunday,,CSE-59I+J(42),09:00 AM - 10:30 AM,SE&DP Lab,310.0,SRC
Sunday,,CSE-59I+J(42),10:30 AM - 12:00 PM,SE&DP Lab,310.0,SRC
Sunday,,CSE-60A(47),09:00 AM - 10:30 AM,OS Lab,311.0,MHM
Sunday,,CSE-60A(47),10:30 AM - 12:00 PM,COA,GL-1,NMA
Sunday,,CSE-60A(47),12:00 PM - 1:30 PM,CE,GL-1,SSD
Sunday,,CSE-60B(40),01:30 PM - 03:00 PM,OS Lab,311.0,MDP
Sunday,,CSE-60C(44),10:30 AM - 12:00 PM,OS Lab,405.0,SRR
Sunday,,CSE-60D(40),10:30 AM - 12:00 PM,OS Lab,311.0,MHM
Sunday,,CSE-60E+F+G(42),09:00 AM - 10:30 AM,OS Lab,405.0,KBS
Sunday,,CSE-61A(49),10:30 AM - 12:00 PM,MP&I,GL-2,SAS
Sunday,,CSE-61A(49),12:00 PM - 1:30 PM,CP,405.0,BKD
Sunday,,CSE-61A(49),01:30 PM - 03:00 PM,CP,405.0,BKD
Sunday,,CSE-61B(45),09:00 AM - 10:30 AM,DBMS,408.0,SRR
Sunday,,CSE-61B(45),10:30 AM - 12:00 PM,G&VA,408.0,FAR
Sunday,,CSE-61C(45),12:00 PM - 1:30 PM,G&VA,506.0,FAR
Sunday,,CSE-61C(45),01:30 PM - 03:00 PM,MP&I,506.0,MSS
Sunday,,CSE-61C(45),03:00 PM - 04:30 PM,DBMS,506.0,GMN
Sunday,,CSE-61D(45),01:30 PM - 03:00 PM,DBMS ,503.0,SRC
Sunday,,CSE-61D(45),03:00 PM - 04:30 PM,MP&I,503.0,MSS
Sunday,,CSE-61E(46),12:00 PM - 1:30 PM,MP&I Lab,307.0,IMA
Sunday,,CSE-61E(46),01:30 PM - 03:00 PM,MP&I Lab,307.0,IMA
Sunday,,CSE-61E(46),03:00 PM - 04:30 PM,G&VA,507.0,NZI
Sunday,,CSE-61F(45),12:00 PM - 1:30 PM,G&VA,508.0,NZI
Sunday,,CSE-61F(45),03:00 PM - 04:30 PM,MP&I,508.0,IMA
Sunday,,CSE-62A(46),03:00 PM - 04:30 PM,OOP Lab,311.0,INC
Sunday,,CSE-62A(46),04:30 PM - 06:00 PM,OOP Lab,311.0,INC
Sunday,,CSE-62C(52),01:30 PM - 03:00 PM,EE&CL,E-4,SI
Sunday,,CSE-62C(52),04:30 PM - 06:00 PM,OOP,506.0,GMN
Sunday,,CSE-62D(45),09:00 AM - 10:30 AM,BS&P,503.0,RAR
Sunday,,CSE-62D(45),12:00 PM - 1:30 PM,OOP,E-4,INC
Sunday,,CSE-62E(45),10:30 AM - 12:00 PM,IM&FA,404.0,RH
Sunday,,CSE-62E(45),01:30 PM - 03:00 PM,BS&P,508.0,RAR
Sunday,,CSE-63A(50),12:00 PM - 1:30 PM,PE&ED,507.0,MFA
Sunday,,CSE-63A(50),01:30 PM - 03:00 PM,AD&A,507.0,AHC
Sunday,,CSE-63B(54),12:00 PM - 1:30 PM,MCV&F,408.0,RAR
Sunday,,CSE-63B(54),01:30 PM - 03:00 PM,PE&ED,408.0,MFA
Sunday,,CSE-63B(54),04:30 PM - 06:00 PM,DLD,505.0,AAR
Sunday,,CSE-63D(41),09:00 AM - 10:30 AM,MCV&F,508.0,NAT
Sunday,,CSE-63D(41),10:30 AM - 12:00 PM,DLD,508.0,AIR
Sunday,,CSE-64C(48),10:30 AM - 12:00 PM,IS,503.0,MS
Sunday,,CSE-64C(48),12:00 PM - 1:30 PM,BE&EC Lab,108.0,ATB
Sunday,,CSE-64C(48),01:30 PM - 03:00 PM,BE&EC Lab,108.0,ATB
Sunday,,CSE-65A(50),12:00 PM - 1:30 PM,BS,GL-2,SAL
Sunday,,CSE-65A(50),01:30 PM - 03:00 PM,MM&CV,E-2,AMR
Sunday,,CSE-65B(50),03:00 PM - 04:30 PM,SP Lab,405.0,TJN
Sunday,,CSE-65B(50),04:30 PM - 06:00 PM,SP Lab,405.0,TJN
Sunday,,CSE-65C(50),09:00 AM - 10:30 AM,IP,502.0,MS
Sunday,,CSE-65C(50),12:00 PM - 1:30 PM,SP,503.0,TJN
Sunday,,CSE-66A(50),01:30 PM - 03:00 PM,PHY,GL-1,CMW
Sunday,,CSE-66A(50),03:00 PM - 04:30 PM,D&IC,E-3,RP
Sunday,,CSE-66A(50),04:30 PM - 06:00 PM,ENG,E-3,AYM
Sunday,,CSE-66B(50),03:00 PM - 04:30 PM,ENG,E-2,AYM
Sunday,,CSE-66C(50),12:00 PM - 1:30 PM,DM,E-5,NAT
Sunday,,CSE-66C(50),03:00 PM - 04:30 PM,ENG,408.0,NT
Sunday,,CSE-66C(50),04:30 PM - 06:00 PM,D&IC,408.0,RP
Sunday,,CSE-66D(50),10:30 AM - 12:00 PM,DM,E-5,NAT
Sunday,,CSE-66D(50),01:30 PM - 03:00 PM,ENG,E-6,NT
Sunday,EEE,EEE- 55 (10+5),03:00 PM - 04:30 PM,BMI,403.0,AAR
Sunday,EEE,EEE- 55 (10+5),04:30 PM - 06:00 PM,R&CV,403.0,MSS
Sunday,EEE,EEE- 56 (15+5),03:00 PM - 04:30 PM,56 - Lab,109.0,N/A_
Sunday,EEE,EEE- 56 (15+5),04:30 PM - 06:00 PM,56 - Lab,109.0,N/A_
Sunday,EEE,EEE- 57 (10+5),09:00 AM - 10:30 AM,DSP I,E-1,SAS
Sunday,EEE,EEE- 57 (10+5),10:30 AM - 12:00 PM,57 - Lab,109.0,N/A
Sunday,EEE,EEE- 57 (10+5),12:00 PM - 1:30 PM,EC II Lab,109.0,MAM
Sunday,EEE,EEE- 57 (10+5),01:30 PM - 03:00 PM,EC II Lab,109.0,MAM
Sunday,EEE,EEE- 58 (10+5),09:00 AM - 10:30 AM,DSP I,,
Sunday,EEE,EEE- 58 (10+5),10:30 AM - 12:00 PM,IM&FA,E-3,TA
Sunday,EEE,EEE- 58 (10+5),12:00 PM - 1:30 PM,EC II Lab,,
Sunday,EEE,EEE- 58 (10+5),01:30 PM - 03:00 PM,EC II Lab,,
Sunday,EEE,EEE- 59 (15+5),09:00 AM - 10:30 AM,59 - Lab,109.0,N/A
Sunday,EEE,EEE- 59 (15+5),10:30 AM - 12:00 PM,IM&FA,,
Sunday,EEE,EEE- 59 (15+5),01:30 PM - 03:00 PM,BS&P,E-1,MMZ
Sunday,EEE,EEE- 60 (15+5),10:30 AM - 12:00 PM,IM&FA,,
Sunday,EEE,EEE- 60 (15+5),01:30 PM - 03:00 PM,BS&P,,
Sunday,EEE,EEE- 62 (15+5),03:00 PM - 04:30 PM,62 - Lab,108.0,N/A
Sunday,EEE,EEE- 62 (15+5),04:30 PM - 06:00 PM,62 - Lab,108.0,N/A
Sunday,EEE,EEE- 63 (30),12:00 PM - 1:30 PM,CKT I,E-1,MAK
Sunday,EEE,EEE- 63 (30),01:30 PM - 03:00 PM,,403.0,
Sunday,EEE,EEE- 63 (30),03:00 PM - 04:30 PM,PHY,E-1,SUA
Sunday,EEE,EEE- 63 (30),04:30 PM - 06:00 PM,,E-1,
Sunday,EEE,4th (24),12:00 PM - 1:30 PM,SWE 458: NNDL Lab,306.0,AAC
Sunday,EEE,4th (24),01:30 PM - 03:00 PM,SWE 458: NNDL Lab,306.0,AAC
Sunday,EEE,5th (37),03:00 PM - 04:30 PM,SWE-422: MDP,301.0,ZUK
Sunday,EEE,5th (37),04:30 PM - 06:00 PM,SWE-422: MDP,301.0,ZUK
Sunday,EEE,6th(32),12:00 PM - 1:30 PM,SWE-314: CN Lab,301.0,NHN
Sunday,EEE,6th(32),01:30 PM - 03:00 PM,SWE-314: CN Lab,301.0,NHN
Sunday,EEE,7th(40),09:00 AM - 10:30 AM,SWE-324: UI & UX,301.0,DD
Sunday,EEE,7th(40),10:30 AM - 12:00 PM,SWE-324: UI & UX,301.0,DD
Sunday,EEE,8th(33),10:30 AM - 12:00 PM,SWE-223:OOP,203.0,FA
Sunday,EEE,8th(33),01:30 PM - 03:00 PM,MAT-211: NA,504.0,RP
Sunday,EEE,9th(49),09:00 AM - 10:30 AM,SWE-225: DBMS,506.0,NHN
Sunday,EEE,9th(49),10:30 AM - 12:00 PM,SWE-231: SRE,506.0,WIC
Sunday,EEE,10th(32),09:00 AM - 10:30 AM,SWE-112: BEEC Lab,108.0,MAK
Sunday,EEE,10th(32),10:30 AM - 12:00 PM,SWE-112: BEEC Lab,108.0,MAK
Sunday,EEE,10th(32),12:00 PM - 1:30 PM,SWE-123: DS,504.0,IAC
Sunday,EEE,11th(46),09:00 AM - 10:30 AM,SWE-121:SP,505.0,IAC
Sunday,EEE,11th(46),10:30 AM - 12:00 PM,PHY 111:BP,505.0,SUA
Sunday,EEE,12th(40),09:00 AM - 10:30 AM,SWE-131: ISE,E-3,WIC
Sunday,EEE,12th(40),12:00 PM - 1:30 PM,MAT-111: DIC,505.0,RP
Sunday,EEE,DSE-2nd,12:00 PM - 1:30 PM,ELI,E-3,AAM
Sunday,EEE,DSE-2nd,01:30 PM - 03:00 PM,BS,E-3,SAL
Sunday,LAW,52(38),12:00 PM - 1:30 PM,ADM. LAW,E-6,TM
Sunday,LAW,52(38),01:30 PM - 03:00 PM,CRPC-2,203.0,SAR
Sunday,LAW,53(44),03:00 PM - 04:30 PM,CRIOMIONOLOGY,E-5,GSH
Sunday,LAW,53(44),04:30 PM - 06:00 PM,FIS-II,E-5,MSI
Sunday,LAW,54(71),03:00 PM - 04:30 PM,FISCAL-1,404.0,MSI
Sunday,LAW,54(71),04:30 PM - 06:00 PM,LAND,404.0,MSR
Sunday,LAW,55(67),03:00 PM - 04:30 PM,PIL-II,509.0,DMZA
Sunday,LAW,55(67),04:30 PM - 06:00 PM,PIL-II,509.0,DMZA
Sunday,LAW,56(48),09:00 AM - 10:30 AM,CONS-2,E-2,MA
Sunday,LAW,56(48),10:30 AM - 12:00 PM,MER,E-2,TM
Sunday,LAW,57(50),09:00 AM - 10:30 AM,STAT,501.0,MMZ
Sunday,LAW,57(50),10:30 AM - 12:00 PM,CONS-1,501.0,MA
Sunday,LAW,59(50),09:00 AM - 10:30 AM,BS,401.0,FI
Sunday,LAW,59(50),10:30 AM - 12:00 PM,BS,401.0,FI
Sunday,LAW,60 (50),09:00 AM - 10:30 AM,FB,E-5,MMA
Sunday,LAW,60 (50),12:00 PM - 1:30 PM,JUR,401.0,FI
Sunday,LAW,60 (50),01:30 PM - 03:00 PM,LSB,401.0,MSR
Sunday,ECO,BSS-22,12:00 PM - 1:30 PM,ECO-440,203.0,MAH
Sunday,ECO,BSS-23,12:00 PM - 1:30 PM,ECO-440,,
Sunday,ECO,BSS-25,10:30 AM - 12:00 PM,ECO-137,409.0,MMZ
Sunday,ECO,BSS-25,01:30 PM - 03:00 PM,BBA-115,409.0,TA
Sunday,ECO,BSS-26,10:30 AM - 12:00 PM,ECO-137,,
Sunday,ECO,BSS-26,12:00 PM - 1:30 PM,ECO-232,409.0,IHM
Sunday,ECO,BSS-26,01:30 PM - 03:00 PM,BBA-115,,
Sunday,ECO,BSS-27,10:30 AM - 12:00 PM,ECO-137,,
Sunday,ECO,BSS-27,12:00 PM - 1:30 PM,ECO-232,,
Sunday,BBA 59 AB,BBA 58 & 59 AIS,12:00 PM - 1:30 PM,BBA AIS-01,E-2,AH
Sunday,BBA 59 AB,BBA 58 & 59 AIS,03:00 PM - 04:30 PM,BBA AIS-05,203.0,RH
Sunday,BBA 59 AB,BBA 58 & 59 HRM,10:30 AM - 12:00 PM,BBA HRM-5,403.0,NA
Sunday,BBA 59 AB,BBA 58 & 59 HRM,12:00 PM - 1:30 PM,BBA HRM-03,403.0,MJU
Sunday,BBA 59 AB,BBA 58 & 59 FIN,03:00 PM - 04:30 PM,BBA FIN-05,E-6,JS
Sunday,BBA 59 AB,BBA 58 & 59 FIN,04:30 PM - 06:00 PM,BBA FIN -07,E-6,MKA
Monday,,CSE-58A(47),03:00 PM - 04:30 PM,CN,506.0,UNA
Monday,,CSE-58A(47),04:30 PM - 06:00 PM,CC,506.0,AWS
Monday,,CSE-58B+I(45),09:00 AM - 10:30 AM,CN,408.0,RFZ
Monday,,CSE-58B+I(45),10:30 AM - 12:00 PM,BIC,408.0,MDP
Monday,,CSE-58B+I(45),12:00 PM - 1:30 PM,CC Lab,309.0,UNA
Monday,,CSE-58B+I(45),01:30 PM - 03:00 PM,CC Lab,309.0,UNA
Monday,,CSE-58C+G(47),09:00 AM - 10:30 AM,CN Lab,310.0,AAB
Monday,,CSE-58C+G(47),10:30 AM - 12:00 PM,CN Lab,310.0,AAB
Monday,,CSE-58C+G(47),12:00 PM - 1:30 PM,BIC ,E-2,MBL
Monday,,CSE-58D+H(41),01:30 PM - 03:00 PM,CN,502.0,AAB
Monday,,CSE-58D+H(41),03:00 PM - 04:30 PM,CC Lab,310.0,KBS
Monday,,CSE-58D+H(41),04:30 PM - 06:00 PM,CC Lab,310.0,KBS
Monday,,CSE-58E+F(51),01:30 PM - 03:00 PM,CN,501.0,RFZ
Monday,,CSE-58E+F(51),03:00 PM - 04:30 PM,CC Lab,309.0,MBL
Monday,,CSE-58E+F(51),04:30 PM - 06:00 PM,CC Lab,309.0,MBL
Monday,,CSE-59A+F(55),01:30 PM - 03:00 PM,SE&DP,503.0,AIA
Monday,,CSE-59A+F(55),03:00 PM - 04:30 PM,TOC,503.0,BSS
Monday,,CSE-59B+E(65),12:00 PM - 1:30 PM,SE&DP,501.0,INC
Monday,,CSE-59B+E(65),03:00 PM - 04:30 PM,WP Lab,311.0,NIR
Monday,,CSE-59B+E(65),04:30 PM - 06:00 PM,WP Lab,311.0,NIR
Monday,,CSE-59C+H(60),03:00 PM - 04:30 PM,ML Lab,405.0,NZR
Monday,,CSE-59C+H(60),04:30 PM - 06:00 PM,ML Lab,405.0,NZR
Monday,,CSE-59D+G(55),12:00 PM - 1:30 PM,ML,502.0,NZR
Monday,,CSE-59D+G(55),03:00 PM - 04:30 PM,TOC,507.0,NMA
Monday,,CSE-59D+G(55),04:30 PM - 06:00 PM,SE&DP,507.0,AIA
Monday,,CSE-59I+J(42),03:00 PM - 04:30 PM,ML,E-3,MSI
Monday,,CSE-59I+J(42),04:30 PM - 06:00 PM,TOC,E-3,NMA
Monday,,CSE-60B(40),09:00 AM - 10:30 AM,OS,401.0,MDP
Monday,,CSE-60C(44),01:30 PM - 03:00 PM,CE,GL-1,SSD
Monday,,CSE-60D(40),12:00 PM - 1:30 PM,COA,GL-1,MMH
Monday,,CSE-60D(40),04:30 PM - 06:00 PM,OS,505.0,MHM
Monday,,CSE-60E+F+G(42),09:00 AM - 10:30 AM,CE,E-5,SSD
Monday,,CSE-61A(49),09:00 AM - 10:30 AM,DBMS,502.0,SRR
Monday,,CSE-61A(49),10:30 AM - 12:00 PM,MP&I,502.0,SAS
Monday,,CSE-61B(45),09:00 AM - 10:30 AM,MP&I,506.0,SAS
Monday,,CSE-61B(45),12:00 PM - 1:30 PM,CP,311.0,AJMJ
Monday,,CSE-61B(45),01:30 PM - 03:00 PM,CP,311.0,AJMJ
Monday,,CSE-61C(45),12:00 PM - 1:30 PM,MP&I,508.0,MSS
Monday,,CSE-61C(45),03:00 PM - 04:30 PM,DBMS Lab,307.0,GMN
Monday,,CSE-61C(45),04:30 PM - 06:00 PM,DBMS Lab,307.0,GMN
Monday,,CSE-61D(45),09:00 AM - 10:30 AM,DBMS Lab,311.0,SRC
Monday,,CSE-61D(45),10:30 AM - 12:00 PM,DBMS Lab,311.0,SRC
Monday,,CSE-61E(46),09:00 AM - 10:30 AM,G&VA,509.0,NZI
Monday,,CSE-61E(46),12:00 PM - 1:30 PM,CP,310.0,AWS
Monday,,CSE-61E(46),01:30 PM - 03:00 PM,CP,310.0,AWS
Monday,,CSE-61F(45),09:00 AM - 10:30 AM,CP,309.0,TJN
Monday,,CSE-61F(45),10:30 AM - 12:00 PM,CP,309.0,TJN
Monday,,CSE-61F(45),12:00 PM - 1:30 PM,DBMS,408.0,FRS
Monday,,CSE-61F(45),01:30 PM - 03:00 PM,G&VA,507.0,NZI
Monday,,CSE-61G(45),09:00 AM - 10:30 AM,MP&I Lab,307.0,IMA
Monday,,CSE-61G(45),10:30 AM - 12:00 PM,MP&I Lab,307.0,IMA
Monday,,CSE-61G(45),01:30 PM - 03:00 PM,DBMS,408.0,FRS
Monday,,CSE-62A(46),10:30 AM - 12:00 PM,OOP,506.0,INC
Monday,,CSE-62A(46),01:30 PM - 03:00 PM,BS&P,E-2,MMZ
Monday,,CSE-62B(46),10:30 AM - 12:00 PM,BS&P,507.0,MMZ
Monday,,CSE-62B(46),12:00 PM - 1:30 PM,OOP,507.0,GMN
Monday,,CSE-62D(45),01:30 PM - 03:00 PM,EE&CL,GL-2,TM
Monday,,CSE-62E(45),12:00 PM - 1:30 PM,OOP,503.0,MHM
Monday,,CSE-62E(45),03:00 PM - 04:30 PM,BS&P,GL-2,RAR
Monday,,CSE-63A(50),12:00 PM - 1:30 PM,DLD Lab,109.0,FAM
Monday,,CSE-63A(50),01:30 PM - 03:00 PM,DLD Lab,109.0,FAM
Monday,,CSE-63A(50),03:00 PM - 04:30 PM,PE&ED,GL-1,MFA
Monday,,CSE-63A(50),04:30 PM - 06:00 PM,MCV&F,GL-1,RAR
Monday,,CSE-63B(54),12:00 PM - 1:30 PM,DLD,509.0,AAR
Monday,,CSE-63B(54),03:00 PM - 04:30 PM,AD&A,408.0,AJMJ
Monday,,CSE-63B(54),04:30 PM - 06:00 PM,PE&ED,408.0,MFA
Monday,,CSE-63C(52),12:00 PM - 1:30 PM,AD&A,506.0,RSA
Monday,,CSE-63C(52),03:00 PM - 04:30 PM,DLD Lab,108.0,AAR
Monday,,CSE-63C(52),04:30 PM - 06:00 PM,DLD Lab,108.0,AAR
Monday,,CSE-63D(41),01:30 PM - 03:00 PM,AD&A,506.0,RSA
Monday,,CSE-63D(41),03:00 PM - 04:30 PM,DLD Lab,109.0,AIR
Monday,,CSE-63D(41),04:30 PM - 06:00 PM,DLD Lab,109.0,AIR
Monday,,CSE-64A(51),03:00 PM - 04:30 PM,DS,501.0,AHC
Monday,,CSE-64A(51),04:30 PM - 06:00 PM,MG&VA,501.0,RMD
Monday,,CSE-64B(45),12:00 PM - 1:30 PM,DS Lab,405.0,BAH
Monday,,CSE-64B(45),01:30 PM - 03:00 PM,DS Lab,405.0,BAH
Monday,,CSE-64B(45),03:00 PM - 04:30 PM,BE&EC,502.0,ATB
Monday,,CSE-65A(50),09:00 AM - 10:30 AM,IP,GL-1,MS
Monday,,CSE-65A(50),10:30 AM - 12:00 PM,SP ,E-2,BKD
Monday,,CSE-65B(50),10:30 AM - 12:00 PM,MM&CV,E-3,AMR
Monday,,CSE-65C(50),09:00 AM - 10:30 AM,MM&CV,E-3,AMR
Monday,,CSE-65C(50),10:30 AM - 12:00 PM,BS,GL-1,SAL
Monday,,CSE-65C(50),01:30 PM - 03:00 PM,SP,E-3,TJN
Monday,,CSE-65D(40),12:00 PM - 1:30 PM,SP Lab,307.0,BKD
Monday,,CSE-65D(40),01:30 PM - 03:00 PM,SP Lab,307.0,BKD
Monday,,CSE-66A(50),10:30 AM - 12:00 PM,DM,503.0,FAR
Monday,,CSE-66C(50),03:00 PM - 04:30 PM,PHY,505.0,RMD
Monday,,CSE-66D(50),12:00 PM - 1:30 PM,PHY,E-4,CMW
Monday,,CSE-66D(50),01:30 PM - 03:00 PM,D&IC,E-4,RMD
Monday,EEE,EEE- 55 (10+5),12:00 PM - 1:30 PM,PPE,403.0,MRU
Monday,EEE,EEE- 55 (10+5),01:30 PM - 03:00 PM,R&CV,504.0,MSS
Monday,EEE,EEE- 56 (15+5),12:00 PM - 1:30 PM,P ELEC Lab,306.0,MAM
Monday,EEE,EEE- 56 (15+5),01:30 PM - 03:00 PM,P ELEC Lab,306.0,MAM
Monday,EEE,EEE- 56 (15+5),03:00 PM - 04:30 PM,PSP,203.0,MAM
Monday,EEE,EEE- 61 (15+5),09:00 AM - 10:30 AM,61 - Lab,109.0,N/A
Monday,EEE,EEE- 61 (15+5),10:30 AM - 12:00 PM,61 - Lab,109.0,N/A
Monday,EEE,EEE- 61 (15+5),12:00 PM - 1:30 PM,ELEC II,E-1,HRS
Monday,EEE,EEE- 61 (15+5),01:30 PM - 03:00 PM,HEB,E-1,AIR
Monday,EEE,EEE- 62 (15+5),09:00 AM - 10:30 AM,DEV&LT,E-1,MSS
Monday,EEE,EEE- 62 (15+5),10:30 AM - 12:00 PM,CKT II,E-1,MRU
Monday,EEE,EEE- 62 (15+5),01:30 PM - 03:00 PM,HEB,,
Monday,EEE,EEE- 63 (30),09:00 AM - 10:30 AM,D&IC + DSc,GL-2_,FAR
Monday,EEE,EEE- 63 (30),12:00 PM - 1:30 PM,CKT I Lab,108.0,MAK
Monday,EEE,EEE- 63 (30),01:30 PM - 03:00 PM,CKT I Lab,108.0,MAK
Monday,EEE,4th (24),09:00 AM - 10:30 AM,SWE-431: SPM,403.0,WIC
Monday,EEE,4th (24),10:30 AM - 12:00 PM,SWE 457: NNDL,403.0,AAC
Monday,EEE,5th (37),09:00 AM - 10:30 AM,SWE 461: IC,E-4,AAC
Monday,EEE,5th (37),10:30 AM - 12:00 PM,GED-403: ED,E-4,WIC
Monday,EEE,6th(32),12:00 PM - 1:30 PM,SWE-334: SVT Lab,301.0,NSC
Monday,EEE,6th(32),01:30 PM - 03:00 PM,SWE-334: SVT Lab,301.0,NSC
Monday,EEE,7th(40),12:00 PM - 1:30 PM,GED 301: BSP,505.0,RAR
Monday,EEE,7th(40),01:30 PM - 03:00 PM,SWE-315:AI,505.0,AAC
Monday,EEE,8th(33),10:30 AM - 12:00 PM,SWE-211: CA,504.0,NSC
Monday,EEE,8th(33),12:00 PM - 1:30 PM,SWE-223:OOP,203.0,FA
Monday,EEE,8th(33),01:30 PM - 03:00 PM,MAT-211: NA,403.0,RP
Monday,EEE,9th(49),09:00 AM - 10:30 AM,SWE-226: DBMS LAB,301.0,NHN
Monday,EEE,9th(49),10:30 AM - 12:00 PM,SWE-226: DBMS LAB,301.0,NHN
Monday,EEE,10th(32),03:00 PM - 04:30 PM,SWE-124: DS Lab,301.0,IAC
Monday,EEE,10th(32),04:30 PM - 06:00 PM,SWE-124: DS Lab,301.0,IAC
Monday,EEE,11th(46),09:00 AM - 10:30 AM,MAT-112: LADE,503.0,NAT
Monday,EEE,11th(46),12:00 PM - 1:30 PM,MAT-113: DM,E-3,NAT
Monday,EEE,12th(53),01:30 PM - 03:00 PM,SWE-131: ISE,409.0,WIC
Monday,EEE,12th(53),03:00 PM - 04:30 PM,GED-101: CEL I,E-5,AYM
Monday,EEE,12th(53),04:30 PM - 06:00 PM,MAT-111: DIC,E-5,RP
Monday,EEE,DSE-1st,09:00 AM - 10:30 AM,IPP Lab,405.0,MSR
Monday,EEE,DSE-1st,10:30 AM - 12:00 PM,IPP Lab,405.0,MSR
Monday,EEE,DSE-1st,12:00 PM - 1:30 PM,IP,E-6,SAL
Monday,EEE,DSE-2nd,09:00 AM - 10:30 AM,BSC + EEE,GL-2,FAR_
Monday,LAW,51(36),03:00 PM - 04:30 PM,Final Exam,E-6,
Monday,LAW,51(36),04:30 PM - 06:00 PM,Final Exam,E-6,
Monday,LAW,52(38),10:30 AM - 12:00 PM,ADM. LAW,E-5,TM
Monday,LAW,52(38),12:00 PM - 1:30 PM,CRPC-2,401.0,SAR
Monday,LAW,53(44),01:30 PM - 03:00 PM,CRPC-1,401.0,SAR
Monday,LAW,53(44),03:00 PM - 04:30 PM,CRIOMIONOLY,401.0,GSH
Monday,LAW,54(71),09:00 AM - 10:30 AM,EVI-1,404.0,SEA
Monday,LAW,54(71),10:30 AM - 12:00 PM,CPC-2,404.0,SEA
Monday,LAW,56(48),03:00 PM - 04:30 PM,ECO,404.0,ECO
Monday,LAW,56(48),04:30 PM - 06:00 PM,EQUITY,E-2,FI
Monday,LAW,57(50),10:30 AM - 12:00 PM,CONS-1,401.0,MA
Monday,LAW,57(50),12:00 PM - 1:30 PM,TORT,409.0,TM
Monday,LAW,58(50),12:00 PM - 1:30 PM,CONTACT,404.0,MA
Monday,LAW,58(50),01:30 PM - 03:00 PM,GOVT. & POL,404.0,MSR
Monday,LAW,59(50),03:00 PM - 04:30 PM,ENG-II,E-4,ENG
Monday,LAW,59(50),04:30 PM - 06:00 PM,COMP,E-4,UNA
Monday,LAW,60 (50),03:00 PM - 04:30 PM,JUR,E-2,FI
Monday,LAW,60 (50),04:30 PM - 06:00 PM,ENG-I,401.0,AAM
Monday,ECO,BSS-24,12:00 PM - 1:30 PM,ECO-336,504.0,IHM
Monday,ECO,BSS-25,09:00 AM - 10:30 AM,ECO-137,409.0,MMZ
Monday,ECO,BSS-25,12:00 PM - 1:30 PM,ECO-336,,
Monday,ECO,BSS-26,09:00 AM - 10:30 AM,ECO-137,,
Monday,ECO,BSS-26,10:30 AM - 12:00 PM,BBA-134,409.0,NA
Monday,ECO,BSS-27,09:00 AM - 10:30 AM,ECO-137,,
Monday,ECO,BSS-27,10:30 AM - 12:00 PM,BBA-134,,
Monday,ECO,BSS-28,01:30 PM - 03:00 PM,ECO-132,203.0,UHM
Monday,ECO,BSS-28,03:00 PM - 04:30 PM,ECO-135,409.0,AAM
Monday,ECO,BSS-29,03:00 PM - 04:30 PM,ECO-135,,
Monday,ECO,BSS-29,04:30 PM - 06:00 PM,ECO-131,203.0,IHM
Monday,BBA 60 AB,BBA 59 SCM,09:00 AM - 10:30 AM,BBA SCM-06,203.0,NA
Monday,BBA 60 AB,BBA 59 SCM,10:30 AM - 12:00 PM,BBA SCM-02,203.0,GM
Monday,BBA 59 AB,BBA 58 & 59 AIS,12:00 PM - 1:30 PM,BBA AIS-01,E-5,AH
Monday,BBA 59 AB,BBA 58 & 59 AIS,01:30 PM - 03:00 PM,BBA AIS-04,E-5,MTI
Monday,BBA 59 AB,BBA 58 & 59 HRM,03:00 PM - 04:30 PM,BBA HRM-05,403.0,MJU
Monday,BBA 59 AB,BBA 58 & 59 HRM,04:30 PM - 06:00 PM,BBA HRM-07,403.0,GM
Tuesday,,"Contest/Workshop/ACM

",09:00 AM - 10:30 AM,BBA CA,307_,BSS_
Tuesday,,"Contest/Workshop/ACM

",10:30 AM - 12:00 PM,BBA AI,307_,UNA_
Tuesday,,"Contest/Workshop/ACM

",03:00 PM - 04:30 PM,WEB Junior,311.0,NIR
Tuesday,,"Contest/Workshop/ACM

",04:30 PM - 06:00 PM,WEB Junior,311.0,NIR
Tuesday,,CSE-58B+I(45),03:00 PM - 04:30 PM,CC,501.0,UNA
Tuesday,,CSE-58B+I(45),04:30 PM - 06:00 PM,BIC Lab,310.0,MDP
Tuesday,,CSE-58C+G(47),09:00 AM - 10:30 AM,CN,506.0,AAB
Tuesday,,CSE-58C+G(47),12:00 PM - 1:30 PM,CC,508.0,KBS
Tuesday,,CSE-58D+H(41),09:00 AM - 10:30 AM,CC,502.0,KBS
Tuesday,,CSE-58D+H(41),10:30 AM - 12:00 PM,BIC,502.0,MBL
Tuesday,,CSE-58E+F(51),03:00 PM - 04:30 PM,BIC Lab,310.0,AIA
Tuesday,,CSE-58E+F(51),04:30 PM - 06:00 PM,CN,501.0,RFZ
Tuesday,,CSE-59A+F(55),09:00 AM - 10:30 AM,SE&DP Lab,311.0,AIA
Tuesday,,CSE-59A+F(55),10:30 AM - 12:00 PM,SE&DP Lab,311.0,AIA
Tuesday,,CSE-59A+F(55),12:00 PM - 1:30 PM,ML,205.0,RFZ
Tuesday,,CSE-59B+E(65),01:30 PM - 03:00 PM,ML,GL-2,AHC
Tuesday,,CSE-59B+E(65),03:00 PM - 04:30 PM,SE&DP Lab,405.0,INC
Tuesday,,CSE-59B+E(65),04:30 PM - 06:00 PM,SE&DP Lab,405.0,INC
Tuesday,,CSE-59C+H(60),09:00 AM - 10:30 AM,TOC,GL-2,NMA
Tuesday,,CSE-59C+H(60),10:30 AM - 12:00 PM,SE&DP,GL-2,BSS
Tuesday,,CSE-59C+H(60),01:30 PM - 03:00 PM,ML,E-4,NZR
Tuesday,,CSE-59D+G(55),09:00 AM - 10:30 AM,ML,E-4,NZR
Tuesday,,CSE-59D+G(55),12:00 PM - 1:30 PM,WP Lab,309.0,NIR
Tuesday,,CSE-59D+G(55),01:30 PM - 03:00 PM,WP Lab,309.0,NIR
Tuesday,,CSE-59I+J(42),10:30 AM - 12:00 PM,SE&DP,408.0,SRC
Tuesday,,CSE-59I+J(42),01:30 PM - 03:00 PM,ML,502.0,MSI
Tuesday,,CSE-60A(47),10:30 AM - 12:00 PM,CE,GL-1,SSD
Tuesday,,CSE-60A(47),12:00 PM - 1:30 PM,COA,GL-1,NMA
Tuesday,,CSE-60B(40),01:30 PM - 03:00 PM,OS,E-5,MDP
Tuesday,,CSE-60C(44),10:30 AM - 12:00 PM,COA,503.0,NMA
Tuesday,,CSE-60C(44),01:30 PM - 03:00 PM,OS,503.0,SRR
Tuesday,,CSE-60E+F+G(42),10:30 AM - 12:00 PM,OS,506.0,KBS
Tuesday,,CSE-61A(49),09:00 AM - 10:30 AM,DBMS Lab,405.0,SRR
Tuesday,,CSE-61A(49),10:30 AM - 12:00 PM,DBMS Lab,405.0,SRR
Tuesday,,CSE-61A(49),01:30 PM - 03:00 PM,G&VA,501.0,FAR
Tuesday,,CSE-61B(45),03:00 PM - 04:30 PM,MP&I,503.0,SAS
Tuesday,,CSE-61B(45),04:30 PM - 06:00 PM,G&VA,503.0,FAR
Tuesday,,CSE-61C(45),12:00 PM - 1:30 PM,CP,307.0,BKD
Tuesday,,CSE-61C(45),01:30 PM - 03:00 PM,CP,307.0,BKD
Tuesday,,CSE-61C(45),04:30 PM - 06:00 PM,DBMS,408.0,GMN
Tuesday,,CSE-61D(45),01:30 PM - 03:00 PM,G&VA,E-3,NZI
Tuesday,,CSE-61D(45),03:00 PM - 04:30 PM,CP,307.0,AWS
Tuesday,,CSE-61D(45),04:30 PM - 06:00 PM,CP,307.0,AWS
Tuesday,,CSE-61E(46),09:00 AM - 10:30 AM,DBMS,408.0,SRC
Tuesday,,CSE-61E(46),12:00 PM - 1:30 PM,MP&I,502.0,IMA
Tuesday,,CSE-61F(45),12:00 PM - 1:30 PM,DBMS Lab,405.0,FRS
Tuesday,,CSE-61F(45),01:30 PM - 03:00 PM,DBMS Lab,405.0,FRS
Tuesday,,CSE-61F(45),03:00 PM - 04:30 PM,MP&I,408.0,IMA
Tuesday,,CSE-61G(45),03:00 PM - 04:30 PM,G&VA,507.0,NZI
Tuesday,,CSE-61G(45),04:30 PM - 06:00 PM,MP&I,507.0,IMA
Tuesday,,CSE-62A(46),12:00 PM - 1:30 PM,BS&P,503.0,MMZ
Tuesday,,CSE-62A(46),03:00 PM - 04:30 PM,IM&FA,GL-1,AH
Tuesday,,CSE-62B(46),12:00 PM - 1:30 PM,OOP Lab,310.0,GMN
Tuesday,,CSE-62B(46),01:30 PM - 03:00 PM,OOP Lab,310.0,GMN
Tuesday,,CSE-62C(52),03:00 PM - 04:30 PM,IM&FA,508.0,TA
Tuesday,,CSE-62C(52),04:30 PM - 06:00 PM,BS&P,508.0,RAR
Tuesday,,CSE-62D(45),03:00 PM - 04:30 PM,BS&P,E-2,RAR
Tuesday,,CSE-62D(45),04:30 PM - 06:00 PM,IM&FA,E-2,AH
Tuesday,,CSE-62E(45),03:00 PM - 04:30 PM,OOP Lab,309.0,MHM
Tuesday,,CSE-62E(45),04:30 PM - 06:00 PM,OOP Lab,309.0,MHM
Tuesday,,CSE-63A(50),09:00 AM - 10:30 AM,AD&A Lab,309.0,AHC
Tuesday,,CSE-63A(50),10:30 AM - 12:00 PM,AD&A Lab,309.0,AHC
Tuesday,,CSE-63A(50),12:00 PM - 1:30 PM,DLD,E-4,FAM
Tuesday,,CSE-63B(54),12:00 PM - 1:30 PM,AD&A Lab,311.0,AJMJ
Tuesday,,CSE-63B(54),01:30 PM - 03:00 PM,AD&A Lab,311.0,AJMJ
Tuesday,,CSE-63C(52),09:00 AM - 10:30 AM,MCV&F,507.0,AMR
Tuesday,,CSE-63C(52),10:30 AM - 12:00 PM,DLD,507.0,AAR
Tuesday,,CSE-63C(52),01:30 PM - 03:00 PM,AD&A,408.0,RSA
Tuesday,,CSE-63D(41),10:30 AM - 12:00 PM,PE&ED,508.0,MFA
Tuesday,,CSE-63D(41),12:00 PM - 1:30 PM,AD&A,408.0,RSA
Tuesday,,CSE-63D(41),01:30 PM - 03:00 PM,DLD,508.0,AIR
Tuesday,,CSE-64A(51),09:00 AM - 10:30 AM,IS,GL-1,MS
Tuesday,,CSE-64A(51),10:30 AM - 12:00 PM,BE&EC,E-2,AIR
Tuesday,,CSE-64A(51),12:00 PM - 1:30 PM,MG&VA,E-2,RMD
Tuesday,,CSE-64B(45),12:00 PM - 1:30 PM,DS ,506.0,BAH
Tuesday,,CSE-64B(45),01:30 PM - 03:00 PM,MG&VA,507.0,RMD
Tuesday,,CSE-64C(48),01:30 PM - 03:00 PM,DS ,506.0,BAH
Tuesday,,CSE-64C(48),03:00 PM - 04:30 PM,BE&EC,506.0,ATB
Tuesday,,CSE-64C(48),04:30 PM - 06:00 PM,MG&VA,506.0,RMD
Tuesday,,CSE-65A(50),12:00 PM - 1:30 PM,MM&CV,E-3,AMR
Tuesday,,CSE-65A(50),01:30 PM - 03:00 PM,BS,GL-1,SAL
Tuesday,,CSE-65B(50),12:00 PM - 1:30 PM,SP,507.0,TJN
Tuesday,,CSE-65C(50),09:00 AM - 10:30 AM,SP Lab,310.0,TJN
Tuesday,,CSE-65C(50),10:30 AM - 12:00 PM,SP Lab,310.0,TJN
Tuesday,,CSE-65D(40),01:30 PM - 03:00 PM,MM&CV,E-2,AMR
Tuesday,,CSE-65D(40),04:30 PM - 06:00 PM,IP,E-5,SI
Tuesday,,CSE-66A(50),12:00 PM - 1:30 PM,PHY,GL-2,CMW
Tuesday,,CSE-66A(50),03:00 PM - 04:30 PM,D&IC,502.0,RP
Tuesday,,CSE-66B(50),03:00 PM - 04:30 PM,DM,409.0,FAR
Tuesday,,CSE-66C(50),09:00 AM - 10:30 AM,ENG,501.0,NT
Tuesday,,CSE-66C(50),10:30 AM - 12:00 PM,DM,501.0,NAT
Tuesday,,CSE-66C(50),12:00 PM - 1:30 PM,D&IC,501.0,RP
Tuesday,,CSE-66D(50),09:00 AM - 10:30 AM,DM,409.0,NAT
Tuesday,,CSE-66D(50),10:30 AM - 12:00 PM,ENG,E-3,NT
Tuesday,EEE,EEE- 55 (10+5),10:30 AM - 12:00 PM,PPE,109.0,MRU
Tuesday,EEE,EEE- 55 (10+5),12:00 PM - 1:30 PM,BMI,109.0,AAR
Tuesday,EEE,EEE- 56 (15+5),09:00 AM - 10:30 AM,56 - Lab,109.0,N/A
Tuesday,EEE,EEE- 56 (15+5),10:30 AM - 12:00 PM,EEM,E-1,FAM
Tuesday,EEE,EEE- 56 (15+5),12:00 PM - 1:30 PM,P ELEC,504.0,MAM
Tuesday,EEE,EEE- 56 (15+5),01:30 PM - 03:00 PM,PSP,504.0,MAM
Tuesday,EEE,EEE- 57 (10+5),09:00 AM - 10:30 AM,EC II,E-1,MAM
Tuesday,EEE,EEE- 57 (10+5),10:30 AM - 12:00 PM,EEM,,
Tuesday,EEE,EEE- 57 (10+5),12:00 PM - 1:30 PM,DSP I Lab,306.0,SAS
Tuesday,EEE,EEE- 57 (10+5),01:30 PM - 03:00 PM,DSP I Lab,306.0,SAS
Tuesday,EEE,EEE- 58 (10+5),09:00 AM - 10:30 AM,EC II,,
Tuesday,EEE,EEE- 58 (10+5),10:30 AM - 12:00 PM,58 - Lab,108.0,N/A
Tuesday,EEE,EEE- 58 (10+5),12:00 PM - 1:30 PM,DSP I Lab,,
Tuesday,EEE,EEE- 58 (10+5),01:30 PM - 03:00 PM,DSP I Lab,,
Tuesday,EEE,EEE- 59 (15+5),01:30 PM - 03:00 PM,59 - Lab,109.0,N/A
Tuesday,EEE,EEE- 59 (15+5),03:00 PM - 04:30 PM,D ELEC Lab,108.0,MAK
Tuesday,EEE,EEE- 59 (15+5),04:30 PM - 06:00 PM,D ELEC Lab,108.0,MAK
Tuesday,EEE,EEE- 60 (15+5),01:30 PM - 03:00 PM,P ENG,E-1,NSN
Tuesday,EEE,EEE- 60 (15+5),03:00 PM - 04:30 PM,ENG Lab,109.0,AAM
Tuesday,EEE,EEE- 60 (15+5),04:30 PM - 06:00 PM,ENG Lab,109.0,AAM
Tuesday,EEE,EEE- 61 (15+5),01:30 PM - 03:00 PM,P ENG,,
Tuesday,EEE,EEE- 61 (15+5),03:00 PM - 04:30 PM,ENG Lab,,
Tuesday,EEE,EEE- 61 (15+5),04:30 PM - 06:00 PM,ENG Lab,,
Tuesday,EEE,EEE- 62 (15+5),09:00 AM - 10:30 AM,DEV&LT,203.0,MSS
Tuesday,EEE,EEE- 62 (15+5),12:00 PM - 1:30 PM,ELEC I Lab,108.0,HRS
Tuesday,EEE,EEE- 62 (15+5),01:30 PM - 03:00 PM,ELEC I Lab,108.0,HRS
Tuesday,EEE,6th(32),09:00 AM - 10:30 AM,SWE-313:CN,E-6,NHN
Tuesday,EEE,6th(32),10:30 AM - 12:00 PM,SWE-333: SVT,403.0,NSC
Tuesday,EEE,7th(40),03:00 PM - 04:30 PM,SWE-316:AI LAB,301.0,AAC
Tuesday,EEE,7th(40),04:30 PM - 06:00 PM,SWE-316:AI LAB,301.0,AAC
Tuesday,EEE,8th(33),09:00 AM - 10:30 AM,SWE-211: CA,E-5,NSC
Tuesday,EEE,8th(33),12:00 PM - 1:30 PM,SWE-224:OOP LAB,301.0,FA
Tuesday,EEE,8th(33),01:30 PM - 03:00 PM,SWE-224:OOP Lab,301.0,FA
Tuesday,EEE,9th(49),10:30 AM - 12:00 PM,SWE-225: DBMS,505.0,NHN
Tuesday,EEE,9th(49),12:00 PM - 1:30 PM,SWE-221: ALGO,505.0,NSC
Tuesday,EEE,9th(49),01:30 PM - 03:00 PM,SWE-311: TOC,505.0,NHN
Tuesday,EEE,10th(32),09:00 AM - 10:30 AM,SWE-182:PPD,301.0,IAC
Tuesday,EEE,10th(32),10:30 AM - 12:00 PM,SWE-182:PPD,301.0,IAC
Tuesday,EEE,10th(32),12:00 PM - 1:30 PM,SWE-111: BEEC,203.0,MAK
Tuesday,EEE,12th(40),03:00 PM - 04:30 PM,GED-101: CEL I,505.0,AYM
Tuesday,EEE,12th(40),04:30 PM - 06:00 PM,GED-105: BS,505.0,RP
Tuesday,EEE,DSE-1st,09:00 AM - 10:30 AM,FDS,403.0,MMZ
Tuesday,EEE,DSE-1st,12:00 PM - 1:30 PM,IPP,403.0,MSR
Tuesday,EEE,DSE-2nd,09:00 AM - 10:30 AM,DM,402.0,MSR
Tuesday,EEE,DSE-2nd,12:00 PM - 1:30 PM,BS,E-1,SAL
Tuesday,LAW,53(44),09:00 AM - 10:30 AM,EVI-2,505.0,SEA
Tuesday,LAW,54(71),03:00 PM - 04:30 PM,FISCAL-1,509.0,MSI
Tuesday,LAW,54(71),04:30 PM - 06:00 PM,LAND,509.0,MSR
Tuesday,LAW,55(67),09:00 AM - 10:30 AM,REG.,404.0,FI
Tuesday,LAW,55(67),10:30 AM - 12:00 PM,CPC-1,404.0,SEA
Tuesday,LAW,55(67),12:00 PM - 1:30 PM,CRIMES-2,404.0,SAR
Tuesday,LAW,56(48),12:00 PM - 1:30 PM,EQUITY,401.0,FI
Tuesday,LAW,56(48),03:00 PM - 04:30 PM,ECO,401.0,ECO
Tuesday,LAW,57(50),09:00 AM - 10:30 AM,TORT,401.0,TM
Tuesday,LAW,57(50),10:30 AM - 12:00 PM,HINDU,401.0,FI
Tuesday,LAW,58(50),10:30 AM - 12:00 PM,HEB,203.0,TM
Tuesday,LAW,58(50),01:30 PM - 03:00 PM,GOVT. & POL,401.0,MSR
Tuesday,LAW,60 (50),03:00 PM - 04:30 PM,FB,E-5,MMA
Tuesday,LAW,60 (50),04:30 PM - 06:00 PM,,401.0,
Tuesday,ECO,BSS-22,01:30 PM - 03:00 PM,ECO-301,E-6,IHM
Tuesday,ECO,BSS-22,03:00 PM - 04:30 PM,ECO-440,504.0,MAH
Tuesday,ECO,BSS-23,01:30 PM - 03:00 PM,ECO-301,,
Tuesday,ECO,BSS-23,03:00 PM - 04:30 PM,ECO-440,,
Tuesday,ECO,BSS-23,04:30 PM - 06:00 PM,ECO-334,504.0,UHM
Tuesday,ECO,BSS-24,01:30 PM - 03:00 PM,ECO-301,,
Tuesday,ECO,BSS-24,04:30 PM - 06:00 PM,ECO-334,,
Tuesday,ECO,BSS-25,10:30 AM - 12:00 PM,BBA-115,409.0,TA
Tuesday,ECO,BSS-26,10:30 AM - 12:00 PM,BBA-115,,
Tuesday,ECO,BSS-26,12:00 PM - 1:30 PM,ECO-232,409.0,IHM
Tuesday,ECO,BSS-27,12:00 PM - 1:30 PM,ECO-232,,
Tuesday,ECO,BSS-27,01:30 PM - 03:00 PM,CSE-106,409.0,BSS
Tuesday,ECO,BSS-28,01:30 PM - 03:00 PM,CSE-106,,
Tuesday,ECO,BSS-28,03:00 PM - 04:30 PM,ECO-132,203.0,UHM
Tuesday,ECO,BSS-29,04:30 PM - 06:00 PM,ECO-131,203.0,IHM
Tuesday,BBA 60 AB,BBA 59 SCM,09:00 AM - 10:30 AM,BBA SCM-03,504.0,ZRT
Tuesday,BBA 60 AB,BBA 59 SCM,10:30 AM - 12:00 PM,BBA SCM-06,504.0,NA
Tuesday,BBA 59 AB,BBA 58 & 59 AIS,12:00 PM - 1:30 PM,BBA AIS-05,E-6,RH
Tuesday,BBA 59 AB,BBA 58 & 59 AIS,01:30 PM - 03:00 PM,BBA AIS-04,403.0,MTI
Tuesday,BBA 59 AB,BBA 58 & 59 HRM,03:00 PM - 04:30 PM,BBA HRM-07,403.0,GM
Tuesday,BBA 59 AB,BBA 58 & 59 HRM,04:30 PM - 06:00 PM,BBA HRM-05,403.0,NA
Tuesday,BBA 59 AB,BBA 58 & 59 FIN,03:00 PM - 04:30 PM,BBA FIN -07,E-6,MKA
Tuesday,BBA 59 AB,BBA 58 & 59 FIN,04:30 PM - 06:00 PM,BBA FIN-03,E-6,MKA
Wednesday,,Contest/Workshop/ACM,03:00 PM - 04:30 PM,Web Senior,311.0,AJMJ
Wednesday,,Contest/Workshop/ACM,04:30 PM - 06:00 PM,Web Senior,311.0,AJMJ
Wednesday,,CSE-58A(47),09:00 AM - 10:30 AM,CC Lab,311.0,AWS
Wednesday,,CSE-58A(47),10:30 AM - 12:00 PM,CC Lab,311.0,AWS
Wednesday,,CSE-58A(47),12:00 PM - 1:30 PM,BIC,409.0,MDP
Wednesday,,CSE-58C+G(47),09:00 AM - 10:30 AM,BIC Lab,309.0,MBL
Wednesday,,CSE-58C+G(47),10:30 AM - 12:00 PM,CN,501.0,AAB
Wednesday,,CSE-58C+G(47),01:30 PM - 03:00 PM,CC,501.0,KBS
Wednesday,,CSE-58D+H(41),10:30 AM - 12:00 PM,BIC Lab,309.0,MBL
Wednesday,,CSE-58D+H(41),12:00 PM - 1:30 PM,CC,408.0,KBS
Wednesday,,CSE-58D+H(41),01:30 PM - 03:00 PM,CN,408.0,AAB
Wednesday,,CSE-58E+F(51),09:00 AM - 10:30 AM,BIC,502.0,AIA
Wednesday,,CSE-58E+F(51),12:00 PM - 1:30 PM,CC,502.0,MBL
Wednesday,,CSE-59A+F(55),09:00 AM - 10:30 AM,ML Lab,307.0,RFZ
Wednesday,,CSE-59A+F(55),10:30 AM - 12:00 PM,ML Lab,307.0,RFZ
Wednesday,,CSE-59A+F(55),12:00 PM - 1:30 PM,SE&DP,501.0,AIA
Wednesday,,CSE-59C+H(60),03:00 PM - 04:30 PM,SE&DP,GL-1,BSS
Wednesday,,CSE-59C+H(60),04:30 PM - 06:00 PM,ML,GL-1,NZR
Wednesday,,CSE-59D+G(55),09:00 AM - 10:30 AM,TOC,505.0,NMA
Wednesday,,CSE-59D+G(55),10:30 AM - 12:00 PM,SE&DP,505.0,AIA
Wednesday,,CSE-59D+G(55),12:00 PM - 1:30 PM,ML Lab,307.0,NZR
Wednesday,,CSE-59D+G(55),01:30 PM - 03:00 PM,ML Lab,307.0,NZR
Wednesday,,CSE-59I+J(42),10:30 AM - 12:00 PM,TOC,402.0,NMA
Wednesday,,CSE-59I+J(42),12:00 PM - 1:30 PM,ML Lab,311.0,MSI
Wednesday,,CSE-59I+J(42),01:30 PM - 03:00 PM,ML Lab,311.0,MSI
Wednesday,,CSE-60A(47),03:00 PM - 04:30 PM,OS,E-2,MHM
Wednesday,,CSE-60D(40),01:30 PM - 03:00 PM,OS,E-2,MHM
Wednesday,,CSE-61A(49),12:00 PM - 1:30 PM,MP&I Lab,309.0,SAS
Wednesday,,CSE-61A(49),01:30 PM - 03:00 PM,MP&I Lab,309.0,SAS
Wednesday,,CSE-61B(45),09:00 AM - 10:30 AM,DBMS Lab,405.0,SRR
Wednesday,,CSE-61B(45),10:30 AM - 12:00 PM,DBMS Lab,405.0,SRR
Wednesday,,CSE-61C(45),01:30 PM - 03:00 PM,G&VA,502.0,FAR
Wednesday,,CSE-61C(45),03:00 PM - 04:30 PM,MP&I Lab,309.0,MSS
Wednesday,,CSE-61C(45),04:30 PM - 06:00 PM,MP&I Lab,309.0,MSS
Wednesday,,CSE-61D(45),12:00 PM - 1:30 PM,MP&I,507.0,MSS
Wednesday,,CSE-61D(45),03:00 PM - 04:30 PM,G&VA,506.0,NZI
Wednesday,,CSE-61E(46),09:00 AM - 10:30 AM,DBMS Lab,310.0,SRC
Wednesday,,CSE-61E(46),10:30 AM - 12:00 PM,DBMS Lab,310.0,SRC
Wednesday,,CSE-61G(45),09:00 AM - 10:30 AM,MP&I,503.0,IMA
Wednesday,,CSE-61G(45),12:00 PM - 1:30 PM,DBMS Lab,310.0,FRS
Wednesday,,CSE-61G(45),01:30 PM - 03:00 PM,DBMS Lab,310.0,FRS
Wednesday,,CSE-62A(46),09:00 AM - 10:30 AM,EE&CL,GL-1,SI
Wednesday,,CSE-62A(46),10:30 AM - 12:00 PM,OOP,205.0,INC
Wednesday,,CSE-62A(46),12:00 PM - 1:30 PM,IM&FA,GL-1,AH
Wednesday,,CSE-62C(52),01:30 PM - 03:00 PM,BS&P,503.0,RAR
Wednesday,,CSE-62C(52),03:00 PM - 04:30 PM,OOP Lab,405.0,GMN
Wednesday,,CSE-62C(52),04:30 PM - 06:00 PM,OOP Lab,405.0,GMN
Wednesday,,CSE-62D(45),09:00 AM - 10:30 AM,OOP,408.0,INC
Wednesday,,CSE-62D(45),10:30 AM - 12:00 PM,IM&FA,408.0,AH
Wednesday,,CSE-62E(45),12:00 PM - 1:30 PM,OOP,505.0,MHM
Wednesday,,CSE-62E(45),03:00 PM - 04:30 PM,IM&FA,502.0,RH
Wednesday,,CSE-63A(50),10:30 AM - 12:00 PM,,503.0,
Wednesday,,CSE-63B(54),03:00 PM - 04:30 PM,DLD Lab,108.0,AAR
Wednesday,,CSE-63B(54),04:30 PM - 06:00 PM,DLD Lab,108.0,AAR
Wednesday,,CSE-63C(52),12:00 PM - 1:30 PM,AD&A Lab,405.0,RSA
Wednesday,,CSE-63C(52),01:30 PM - 03:00 PM,AD&A Lab,405.0,RSA
Wednesday,,CSE-63C(52),04:30 PM - 06:00 PM,PE&ED,506.0,MFA
Wednesday,,CSE-63D(41),01:30 PM - 03:00 PM,MCV&F,508.0,NAT
Wednesday,,CSE-63D(41),03:00 PM - 04:30 PM,PE&ED,508.0,MFA
Wednesday,,CSE-64A(51),12:00 PM - 1:30 PM,BE&EC,508.0,AIR
Wednesday,,CSE-64A(51),03:00 PM - 04:30 PM,DS Lab,310.0,AHC
Wednesday,,CSE-64A(51),04:30 PM - 06:00 PM,DS Lab,310.0,AHC
Wednesday,,CSE-64B(45),09:00 AM - 10:30 AM,BE&EC Lab,108.0,ATB
Wednesday,,CSE-64B(45),10:30 AM - 12:00 PM,BE&EC Lab,108.0,ATB
Wednesday,,CSE-64B(45),01:30 PM - 03:00 PM,DS,506.0,BAH
Wednesday,,CSE-64C(48),12:00 PM - 1:30 PM,DS,506.0,BAH
Wednesday,,CSE-64C(48),01:30 PM - 03:00 PM,BE&EC,E-3,ATB
Wednesday,,CSE-64C(48),04:30 PM - 06:00 PM,MG&VA,E-5,RMD
Wednesday,,CSE-65A(50),10:30 AM - 12:00 PM,SP,506.0,BKD
Wednesday,,CSE-65A(50),01:30 PM - 03:00 PM,IP,GL-1,MS
Wednesday,,CSE-65B(50),09:00 AM - 10:30 AM,SP,508.0,TJN
Wednesday,,CSE-65B(50),10:30 AM - 12:00 PM,MM&CV,508.0,AMR
Wednesday,,CSE-65C(50),09:00 AM - 10:30 AM,MM&CV,404.0,AMR
Wednesday,,CSE-65C(50),10:30 AM - 12:00 PM,BS,GL-1,SAL
Wednesday,,CSE-65C(50),12:00 PM - 1:30 PM,IP,E-3,MS
Wednesday,,CSE-65D(40),09:00 AM - 10:30 AM,SP,506.0,BKD
Wednesday,,CSE-66A(50),03:00 PM - 04:30 PM,ENG,408.0,AYM
Wednesday,,CSE-66A(50),04:30 PM - 06:00 PM,DM,408.0,FAR
Wednesday,,CSE-66B(50),03:00 PM - 04:30 PM,D&IC,505.0,RP
Wednesday,,CSE-66B(50),04:30 PM - 06:00 PM,ENG,505.0,AYM
Wednesday,,CSE-66C(50),03:00 PM - 04:30 PM,PHY,E-3,RMD
Wednesday,,CSE-66D(50),10:30 AM - 12:00 PM,PHY,409.0,CMW
Wednesday,,CSE-66D(50),01:30 PM - 03:00 PM,D&IC,E-4,RMD
Wednesday,EEE,EEE- 56 (15+5),12:00 PM - 1:30 PM,P ELEC,E-6,MAM
Wednesday,EEE,EEE- 56 (15+5),01:30 PM - 03:00 PM,EEM,E-6,FAM
Wednesday,EEE,EEE- 56 (15+5),03:00 PM - 04:30 PM,P-300,109.0,AIR
Wednesday,EEE,EEE- 56 (15+5),04:30 PM - 06:00 PM,P-300,109.0,AIR
Wednesday,EEE,EEE- 57 (10+5),01:30 PM - 03:00 PM,EEM,,
Wednesday,EEE,EEE- 57 (10+5),03:00 PM - 04:30 PM,P-300,,
Wednesday,EEE,EEE- 57 (10+5),04:30 PM - 06:00 PM,P-300,,
Wednesday,EEE,EEE- 58 (10+5),03:00 PM - 04:30 PM,P-300,,
Wednesday,EEE,EEE- 58 (10+5),04:30 PM - 06:00 PM,P-300,,
Wednesday,EEE,EEE- 59 (15+5),10:30 AM - 12:00 PM,D ELEC,403.0,MAK
Wednesday,EEE,EEE- 59 (15+5),12:00 PM - 1:30 PM,NM,E-1,FAM
Wednesday,EEE,EEE- 59 (15+5),01:30 PM - 03:00 PM,BS&P,E-1,MMZ
Wednesday,EEE,EEE- 60 (15+5),09:00 AM - 10:30 AM,60 - Lab,109.0,N/A
Wednesday,EEE,EEE- 60 (15+5),10:30 AM - 12:00 PM,60 - Lab,109.0,N/A
Wednesday,EEE,EEE- 60 (15+5),12:00 PM - 1:30 PM,NM,,
Wednesday,EEE,EEE- 60 (15+5),01:30 PM - 03:00 PM,BS&P,,
Wednesday,EEE,EEE- 61 (15+5),12:00 PM - 1:30 PM,ELEC II Lab,108.0,HRS
Wednesday,EEE,EEE- 61 (15+5),01:30 PM - 03:00 PM,ELEC II Lab,108.0,HRS
Wednesday,EEE,EEE- 62 (15+5),09:00 AM - 10:30 AM,,203.0,
Wednesday,EEE,EEE- 62 (15+5),10:30 AM - 12:00 PM,ELEC I,203.0,HRS
Wednesday,EEE,EEE- 62 (15+5),12:00 PM - 1:30 PM,CKT II Lab,109.0,MRU
Wednesday,EEE,EEE- 62 (15+5),01:30 PM - 03:00 PM,CKT II Lab,109.0,MRU
Wednesday,EEE,EEE- 63 (30),09:00 AM - 10:30 AM,CKT I,E-1,MAK
Wednesday,EEE,EEE- 63 (30),10:30 AM - 12:00 PM,,E-1,
Wednesday,EEE,EEE- 63 (30),12:00 PM - 1:30 PM,D&IC + DSc,509_,FAR_
Wednesday,EEE,EEE- 63 (30),01:30 PM - 03:00 PM,PHY,203.0,SUA
Wednesday,EEE,4th (24),12:00 PM - 1:30 PM,SWE-431: SPM,403.0,WIC
Wednesday,EEE,4th (24),01:30 PM - 03:00 PM,SWE 457: NNDL,306.0,AAC
Wednesday,EEE,5th (37),03:00 PM - 04:30 PM,SWE-382: WD,301.0,MKB
Wednesday,EEE,5th (37),04:30 PM - 06:00 PM,SWE-382: WD,301.0,MKB
Wednesday,EEE,6th(32),09:00 AM - 10:30 AM,SWE-313:CN,E-5,NHN
Wednesday,EEE,6th(32),10:30 AM - 12:00 PM,SWE-333: SVT,E-5,NSC
Wednesday,EEE,7th(40),09:00 AM - 10:30 AM,GED 301: BSP,E-4,RAR
Wednesday,EEE,7th(40),12:00 PM - 1:30 PM,SWE-315:AI,503.0,AAC
Wednesday,EEE,9th(49),10:30 AM - 12:00 PM,SWE-311: TOC,502.0,NHN
Wednesday,EEE,9th(49),12:00 PM - 1:30 PM,SWE-222:ALGO LAB,301.0,NSC
Wednesday,EEE,9th(49),01:30 PM - 03:00 PM,SWE-222:ALGO LAB,301.0,NSC
Wednesday,EEE,10th(32),09:00 AM - 10:30 AM,SWE-235:MIS,E-2,WIC
Wednesday,EEE,10th(32),12:00 PM - 1:30 PM,SWE-123: DS,504.0,IAC
Wednesday,EEE,11th(46),09:00 AM - 10:30 AM,SWE 122:SP Lab,301.0,IAC
Wednesday,EEE,11th(46),10:30 AM - 12:00 PM,SWE 122:SP Lab,301.0,IAC
Wednesday,EEE,11th(46),01:30 PM - 03:00 PM,PHY 111:BP,505.0,SUA
Wednesday,EEE,DSE-1st,01:30 PM - 03:00 PM,IPP,403.0,MSR
Wednesday,EEE,DSE-1st,04:30 PM - 06:00 PM,LA&AG,E-1,NZI
Wednesday,EEE,DSE-2nd,12:00 PM - 1:30 PM,BSC + EEE,509.0,FAR
Wednesday,EEE,DSE-2nd,03:00 PM - 04:30 PM,DM,402.0,MSR_
Wednesday,EEE,DSE-2nd,04:30 PM - 06:00 PM,ELI,402.0,AAM
Wednesday,LAW,51(35),10:30 AM - 12:00 PM,Final Exam,E-2,
Wednesday,LAW,52(38),09:00 AM - 10:30 AM,ENV. LAW,401.0,GSH
Wednesday,LAW,52(38),10:30 AM - 12:00 PM,ILS,401.0,MSR
Wednesday,LAW,52(38),12:00 PM - 1:30 PM,ENVIRNMENT,E-2,GSH
Wednesday,LAW,53(44),01:30 PM - 03:00 PM,CRPC-I,401.0,SAR
Wednesday,LAW,53(44),03:00 PM - 04:30 PM,FISCAL-2,401.0,MSI
Wednesday,LAW,53(44),04:30 PM - 06:00 PM,EVI-II,401.0,SEA
Wednesday,LAW,55(67),10:30 AM - 12:00 PM,REG,404.0,FI
Wednesday,LAW,55(67),12:00 PM - 1:30 PM,CRIMES-II,404.0,SAR
Wednesday,LAW,55(67),03:00 PM - 04:30 PM,CPC-I,404.0,SEA
Wednesday,LAW,57(50),09:00 AM - 10:30 AM,HINDU,205.0,FI
Wednesday,LAW,57(50),12:00 PM - 1:30 PM,STAT,401.0,MMZ
Wednesday,LAW,59(50),03:00 PM - 04:30 PM,MUSLIM,E-4,MA
Wednesday,LAW,59(50),04:30 PM - 06:00 PM,MUSLIM,E-4,MA
Wednesday,ECO,BSS-22,03:00 PM - 04:30 PM,ECO-301,504.0,IHM
Wednesday,ECO,BSS-22,04:30 PM - 06:00 PM,ECO-234,504.0,MAH
Wednesday,ECO,BSS-23,03:00 PM - 04:30 PM,ECO-301,,
Wednesday,ECO,BSS-23,04:30 PM - 06:00 PM,ECO-331,E-3,UHM
Wednesday,ECO,BSS-24,01:30 PM - 03:00 PM,ECO-336,409.0,IHM
Wednesday,ECO,BSS-24,03:00 PM - 04:30 PM,ECO-301,,
Wednesday,ECO,BSS-24,04:30 PM - 06:00 PM,ECO-331,,
Wednesday,ECO,BSS-25,01:30 PM - 03:00 PM,ECO-336,,
Wednesday,ECO,BSS-25,04:30 PM - 06:00 PM,ECO-331,,
Wednesday,ECO,BSS-26,03:00 PM - 04:30 PM,BBA-134,409.0,NA
Wednesday,ECO,BSS-27,03:00 PM - 04:30 PM,BBA-134,,
Wednesday,ECO,BSS-27,04:30 PM - 06:00 PM,CSE-106,307.0,BSS
Wednesday,ECO,BSS-28,01:30 PM - 03:00 PM,BBA-113,507.0,MFA
Wednesday,ECO,BSS-28,04:30 PM - 06:00 PM,CSE-106,,
Wednesday,ECO,BSS-29,01:30 PM - 03:00 PM,BBA-113,,
Wednesday,BBA 60 AB,BBA 59 SCM,10:30 AM - 12:00 PM,BBA SCM-02,504.0,GM
Wednesday,BBA 60 AB,BBA 59 SCM,12:00 PM - 1:30 PM,BBA SCM-03,203.0,ZRT
Wednesday,BBA 59 AB,BBA 58 & 59 FIN,12:00 PM - 1:30 PM,BBA FIN-03,402.0,MKA
Wednesday,BBA 59 AB,BBA 58 & 59 FIN,01:30 PM - 03:00 PM,BBA FIN-05,E-5,JS
Thursday,,"Contest/Workshop/ACM

",03:00 PM - 04:30 PM,ACM Junior,405.0,MSI
Thursday,,"Contest/Workshop/ACM

",04:30 PM - 06:00 PM,ACM Junior,405.0,MSI
Thursday,,CSE-58A(47),12:00 PM - 1:30 PM,BIC,409.0,MDP
Thursday,,CSE-58A(47),01:30 PM - 03:00 PM,CC,501.0,AWS
Thursday,,CSE-58A(47),04:30 PM - 06:00 PM,CN,501.0,UNA
Thursday,,CSE-58B+I(45),12:00 PM - 1:30 PM,CC,501.0,UNA
Thursday,,CSE-58B+I(45),03:00 PM - 04:30 PM,CN Lab,310.0,RFZ
Thursday,,CSE-58B+I(45),04:30 PM - 06:00 PM,CN Lab,310.0,RFZ
Thursday,,CSE-58D+H(41),09:00 AM - 10:30 AM,CN Lab,405.0,AAB
Thursday,,CSE-58D+H(41),10:30 AM - 12:00 PM,CN Lab,405.0,AAB
Thursday,,CSE-58D+H(41),12:00 PM - 1:30 PM,BIC,502.0,MBL
Thursday,,CSE-59A+F(55),12:00 PM - 1:30 PM,ML,503.0,RFZ
Thursday,,CSE-59A+F(55),01:30 PM - 03:00 PM,TOC,503.0,BSS
Thursday,,CSE-59B+E(65),01:30 PM - 03:00 PM,SE&DP,GL-1,INC
Thursday,,CSE-59B+E(65),03:00 PM - 04:30 PM,ML,GL-1,AHC
Thursday,,CSE-59B+E(65),04:30 PM - 06:00 PM,TOC,GL-1,BSS
Thursday,,CSE-59C+H(60),03:00 PM - 04:30 PM,WP Lab,311.0,AJMJ
Thursday,,CSE-59C+H(60),04:30 PM - 06:00 PM,WP Lab,311.0,AJMJ
Thursday,,CSE-59D+G(55),03:00 PM - 04:30 PM,SE&DP Lab,309.0,AIA
Thursday,,CSE-59D+G(55),04:30 PM - 06:00 PM,SE&DP Lab,309.0,AIA
Thursday,,CSE-59I+J(42),09:00 AM - 10:30 AM,SE&DP,501.0,SRC
Thursday,,CSE-59I+J(42),12:00 PM - 1:30 PM,WP Lab,311.0,NIR
Thursday,,CSE-59I+J(42),01:30 PM - 03:00 PM,WP Lab,311.0,NIR
Thursday,,CSE-60A(47),10:30 AM - 12:00 PM,OS,501.0,MHM
Thursday,,CSE-60C(44),12:00 PM - 1:30 PM,OS,506.0,SRR
Thursday,,CSE-60C(44),01:30 PM - 03:00 PM,CE,GL-2,SSD
Thursday,,CSE-60C(44),03:00 PM - 04:30 PM,COA,404.0,NMA
Thursday,,CSE-60D(40),12:00 PM - 1:30 PM,COA,GL-1,MMH
Thursday,,CSE-60E+F+G(42),03:00 PM - 04:30 PM,CE,503.0,SSD
Thursday,,CSE-60E+F+G(42),04:30 PM - 06:00 PM,OS,503.0,KBS
Thursday,,CSE-61A(49),09:00 AM - 10:30 AM,G&VA,408.0,FAR
Thursday,,CSE-61A(49),10:30 AM - 12:00 PM,DBMS,408.0,SRR
Thursday,,CSE-61B(45),09:00 AM - 10:30 AM,DBMS,502.0,SRR
Thursday,,CSE-61B(45),12:00 PM - 1:30 PM,MP&I Lab,309.0,SAS
Thursday,,CSE-61B(45),01:30 PM - 03:00 PM,MP&I Lab,309.0,SAS
Thursday,,CSE-61D(45),10:30 AM - 12:00 PM,DBMS,502.0,SRC
Thursday,,CSE-61D(45),12:00 PM - 1:30 PM,MP&I Lab,307.0,MSS
Thursday,,CSE-61D(45),01:30 PM - 03:00 PM,MP&I Lab,307.0,MSS
Thursday,,CSE-61E(46),12:00 PM - 1:30 PM,MP&I,507.0,IMA
Thursday,,CSE-61E(46),01:30 PM - 03:00 PM,DBMS,507.0,SRC
Thursday,,CSE-61F(45),09:00 AM - 10:30 AM,MP&I Lab,307.0,IMA
Thursday,,CSE-61F(45),10:30 AM - 12:00 PM,MP&I Lab,307.0,IMA
Thursday,,CSE-61F(45),01:30 PM - 03:00 PM,DBMS,408.0,FRS
Thursday,,CSE-61G(45),09:00 AM - 10:30 AM,CP,309.0,TJN
Thursday,,CSE-61G(45),10:30 AM - 12:00 PM,CP,309.0,TJN
Thursday,,CSE-61G(45),12:00 PM - 1:30 PM,DBMS,408.0,FRS
Thursday,,CSE-61G(45),01:30 PM - 03:00 PM,G&VA,502.0,NZI
Thursday,,CSE-62B(46),10:30 AM - 12:00 PM,OOP,GL-2,GMN
Thursday,,CSE-62B(46),12:00 PM - 1:30 PM,BS&P,GL-2,MMZ
Thursday,,CSE-62C(52),09:00 AM - 10:30 AM,OOP,506.0,GMN
Thursday,,CSE-62C(52),10:30 AM - 12:00 PM,IM&FA,409.0,TA
Thursday,,CSE-62D(45),09:00 AM - 10:30 AM,OOP Lab,310.0,INC
Thursday,,CSE-62D(45),10:30 AM - 12:00 PM,OOP Lab,310.0,INC
Thursday,,CSE-63A(50),12:00 PM - 1:30 PM,AD&A,508.0,AHC
Thursday,,CSE-63A(50),03:00 PM - 04:30 PM,DLD,408.0,FAM
Thursday,,CSE-63A(50),04:30 PM - 06:00 PM,MCV&F,408.0,RAR
Thursday,,CSE-63B(54),01:30 PM - 03:00 PM,AD&A,506.0,AJMJ
Thursday,,CSE-63B(54),03:00 PM - 04:30 PM,MCV&F,506.0,RAR
Thursday,,CSE-63C(52),09:00 AM - 10:30 AM,MCV&F,E-3,AMR
Thursday,,CSE-63C(52),10:30 AM - 12:00 PM,DLD,E-3,AAR
Thursday,,CSE-63C(52),01:30 PM - 03:00 PM,PE&ED,E-4,MFA
Thursday,,CSE-63D(41),12:00 PM - 1:30 PM,AD&A Lab,310.0,RSA
Thursday,,CSE-63D(41),01:30 PM - 03:00 PM,AD&A Lab,310.0,RSA
Thursday,,CSE-64A(51),12:00 PM - 1:30 PM,BE&EC Lab,108.0,AIR
Thursday,,CSE-64A(51),01:30 PM - 03:00 PM,BE&EC Lab,108.0,AIR
Thursday,,CSE-64A(51),03:00 PM - 04:30 PM,IS,GL-2,MS
Thursday,,CSE-64A(51),04:30 PM - 06:00 PM,DS,GL-2,AHC
Thursday,,CSE-64B(45),12:00 PM - 1:30 PM,BE&EC,E-3,ATB
Thursday,,CSE-64B(45),01:30 PM - 03:00 PM,MG&VA,E-3,RMD
Thursday,,CSE-64C(48),12:00 PM - 1:30 PM,DS Lab,405.0,BAH
Thursday,,CSE-64C(48),01:30 PM - 03:00 PM,DS Lab,405.0,BAH
Thursday,,CSE-64C(48),04:30 PM - 06:00 PM,IS,E-2,MS
Thursday,,CSE-65A(50),09:00 AM - 10:30 AM,SP Lab,311.0,BKD
Thursday,,CSE-65A(50),10:30 AM - 12:00 PM,SP Lab,311.0,BKD
Thursday,,CSE-65D(40),09:00 AM - 10:30 AM,IP,E-2,SI
Thursday,,CSE-65D(40),12:00 PM - 1:30 PM,MM&CV,E-2,AMR
Thursday,,CSE-65D(40),01:30 PM - 03:00 PM,SP,E-2,BKD
Thursday,,CSE-66B(50),10:30 AM - 12:00 PM,D&IC,505.0,RP
Thursday,,CSE-66B(50),01:30 PM - 03:00 PM,DM,508.0,FAR
Thursday,EEE,EEE- 55 (10+5),09:00 AM - 10:30 AM,55 - Lab,109.0,N/A
Thursday,EEE,EEE- 55 (10+5),10:30 AM - 12:00 PM,55 - Lab,109.0,N/A
Thursday,EEE,EEE- 55 (10+5),12:00 PM - 1:30 PM,BMI Lab,306.0,AAR
Thursday,EEE,EEE- 55 (10+5),01:30 PM - 03:00 PM,BMI Lab,306.0,AAR
Thursday,EEE,EEE- 56 (15+5),01:30 PM - 03:00 PM,,504.0,
Thursday,EEE,EEE- 56 (15+5),03:00 PM - 04:30 PM,PSP Lab,306.0,MAM
Thursday,EEE,EEE- 56 (15+5),04:30 PM - 06:00 PM,PSP Lab,306.0,MAM
Thursday,EEE,EEE- 57 (10+5),01:30 PM - 03:00 PM,EC II,403.0,MAM
Thursday,EEE,EEE- 57 (10+5),03:00 PM - 04:30 PM,DSP I,403.0,SAS
Thursday,EEE,EEE- 57 (10+5),04:30 PM - 06:00 PM,57 - Lab,109.0,N/A-
Thursday,EEE,EEE- 58 (10+5),12:00 PM - 1:30 PM,IM&FA,E-1,TA
Thursday,EEE,EEE- 58 (10+5),01:30 PM - 03:00 PM,EC II,,
Thursday,EEE,EEE- 58 (10+5),03:00 PM - 04:30 PM,DSP I,,
Thursday,EEE,EEE- 58 (10+5),04:30 PM - 06:00 PM,58 - Lab,,N/A
Thursday,EEE,EEE- 59 (15+5),12:00 PM - 1:30 PM,IM&FA,,
Thursday,EEE,EEE- 59 (15+5),01:30 PM - 03:00 PM,NM,109.0,FAM
Thursday,EEE,EEE- 59 (15+5),03:00 PM - 04:30 PM,D ELEC,E-1,MAK
Thursday,EEE,EEE- 59 (15+5),04:30 PM - 06:00 PM,59 - Lab,108.0,N/A.
Thursday,EEE,EEE- 60 (15+5),10:30 AM - 12:00 PM,P ENG,E-2,NSN
Thursday,EEE,EEE- 60 (15+5),12:00 PM - 1:30 PM,IM&FA,,
Thursday,EEE,EEE- 60 (15+5),01:30 PM - 03:00 PM,NM,,
Thursday,EEE,EEE- 61 (15+5),09:00 AM - 10:30 AM,HEB,E-1,AIR
Thursday,EEE,EEE- 61 (15+5),10:30 AM - 12:00 PM,P ENG,,
Thursday,EEE,EEE- 61 (15+5),12:00 PM - 1:30 PM,ELEC II,109.0,HRS
Thursday,EEE,EEE- 62 (15+5),09:00 AM - 10:30 AM,HEB,,
Thursday,EEE,EEE- 62 (15+5),10:30 AM - 12:00 PM,CKT II,E-1,MRU
Thursday,EEE,EEE- 62 (15+5),01:30 PM - 03:00 PM,ELEC I,203.0,HRS
Thursday,EEE,EEE- 63 (30),09:00 AM - 10:30 AM,63 - Lab,108.0,N/A_
Thursday,EEE,EEE- 63 (30),10:30 AM - 12:00 PM,63 - Lab,108.0,N/A_
Thursday,EEE,5th (37),09:00 AM - 10:30 AM,SWE 461: IC,E-4,AAC
Thursday,EEE,5th (37),12:00 PM - 1:30 PM,GED-403: ED,E-6,WIC
Thursday,EEE,6th(32),09:00 AM - 10:30 AM,SWE-382: WD,306.0,FA
Thursday,EEE,6th(32),10:30 AM - 12:00 PM,SWE-382: WD,306.0,FA
Thursday,EEE,7th(40),09:00 AM - 10:30 AM,SWE-232: CP-2,301.0,IAC
Thursday,EEE,7th(40),10:30 AM - 12:00 PM,SWE-232: CP-2,301.0,IAC
Thursday,EEE,8th(33),09:00 AM - 10:30 AM,MAT-211: NA,E-5,RP
Thursday,EEE,8th(33),12:00 PM - 1:30 PM,SWE-230: CP-I,301.0,AAC
Thursday,EEE,8th(33),01:30 PM - 03:00 PM,SWE-230: CP-I,301.0,AAC
Thursday,EEE,9th(49),10:30 AM - 12:00 PM,SWE-231: SRE,E-5,WIC
Thursday,EEE,9th(49),01:30 PM - 03:00 PM,SWE-221: ALGO,505.0,NSC
Thursday,EEE,10th(32),12:00 PM - 1:30 PM,SWE-111: BEEC,504.0,MAK
Thursday,EEE,10th(32),01:30 PM - 03:00 PM,SWE-235:MIS,E-1,WIC
Thursday,EEE,11th(46),12:00 PM - 1:30 PM,MAT-113: DM,E-4,NAT
Thursday,EEE,11th(46),01:30 PM - 03:00 PM,SWE-121:SP,E-5,IAC
Thursday,EEE,11th(46),03:00 PM - 04:30 PM,MAT-112: LADE,E-2,NAT
Thursday,EEE,12th(40),12:00 PM - 1:30 PM,GED-105: BS,505.0,RP
Thursday,EEE,12th(40),03:00 PM - 04:30 PM,ACM,301.0,NHN
Thursday,EEE,12th(40),04:30 PM - 06:00 PM,ACM,301.0,NHN
Thursday,EEE,DSE-1st,12:00 PM - 1:30 PM,IP,403.0,SAL
Thursday,EEE,DSE-1st,01:30 PM - 03:00 PM,FDS,E-6,MMZ
Thursday,EEE,DSE-1st,03:00 PM - 04:30 PM,LA&AG,E-6,NZI
Thursday,LAW,52(38),10:30 AM - 12:00 PM,ILS,503.0,MSR
Thursday,LAW,54(71),10:30 AM - 12:00 PM,EVI-I,404.0,SEA
Thursday,LAW,54(71),12:00 PM - 1:30 PM,CPC-II,404.0,SEA
Thursday,LAW,56(48),09:00 AM - 10:30 AM,MER,401.0,TM
Thursday,LAW,56(48),10:30 AM - 12:00 PM,CONST-II,401.0,MA
Thursday,LAW,58(50),09:00 AM - 10:30 AM,CONTACT,404.0,MA
Thursday,LAW,58(50),10:30 AM - 12:00 PM,HEB,E-4,TM
Thursday,LAW,59(50),03:00 PM - 04:30 PM,COMPUTER,307.0,UNA
Thursday,LAW,59(50),04:30 PM - 06:00 PM,ENG-II,401.0,ENG
Thursday,LAW,60 (50),01:30 PM - 03:00 PM,LSB,401.0,MSR
Thursday,LAW,60 (50),03:00 PM - 04:30 PM,ENG-I,E-4,AAM
Thursday,ECO,BSS-22,10:30 AM - 12:00 PM,ECO-234,203.0,MAH
Thursday,ECO,BSS-22,01:30 PM - 03:00 PM,ECO-331,409.0,UHM
Thursday,ECO,BSS-23,12:00 PM - 1:30 PM,ECO-334,203.0,UHM
Thursday,ECO,BSS-23,01:30 PM - 03:00 PM,ECO-331,,
Thursday,ECO,BSS-24,12:00 PM - 1:30 PM,ECO-334,,
Thursday,ECO,BSS-24,01:30 PM - 03:00 PM,ECO-331,,
Thursday,ECO,BSS-28,03:00 PM - 04:30 PM,BBA-113,409.0,MFA
Thursday,ECO,BSS-28,04:30 PM - 06:00 PM,ECO-135,409.0,AAM
Thursday,ECO,BSS-29,03:00 PM - 04:30 PM,BBA-113,,
Thursday,ECO,BSS-29,04:30 PM - 06:00 PM,ECO-135,,
